Website URL,Quick Change Connectors or Disconnect Connectors or Change Connectors Found in site? (YES/NO),Fluid Connectors or Hydraulic Connectors or Fluid or Hydraulic Found in site? (YES/NO),Quick Change Connector Links,Fluid Connectors Links
interstatewire.com,NO,NO,https://www.google.com/search?q=inurl%3Ainterstatewire.com+%28%22quick+change+connector%22+OR+%22connector%22+OR+%22quick+disconnect+connector%22+OR+%22quick+connector%22+OR+%22fluid+connector%22+OR+%22hydraulic+connector%22+or+%22hydraulic%22+or+%22fluid%22%29+%28product+OR+buy+OR+shop+OR+store+OR+price+OR+catalog+OR+specifications%29,https://www.google.com/search?q=inurl%3Ainterstatewire.com+%28%22quick+change+connector%22+OR+%22connector%22+OR+%22quick+disconnect+connector%22+OR+%22quick+connector%22+OR+%22fluid+connector%22+OR+%22hydraulic+connector%22+or+%22hydraulic%22+or+%22fluid%22%29+%28product+OR+buy+OR+shop+OR+store+OR+price+OR+catalog+OR+specifications%29
peerlesselectronics.com,NO,NO,https://www.google.com/search?q=inurl%3Apeerlesselectronics.com+%28%22quick+change+connector%22+OR+%22connector%22+OR+%22quick+disconnect+connector%22+OR+%22quick+connector%22+OR+%22fluid+connector%22+OR+%22hydraulic+connector%22+or+%22hydraulic%22+or+%22fluid%22%29+%28product+OR+buy+OR+shop+OR+store+OR+price+OR+catalog+OR+specifications%29,https://www.google.com/search?q=inurl%3Apeerlesselectronics.com+%28%22quick+change+connector%22+OR+%22connector%22+OR+%22quick+disconnect+connector%22+OR+%22quick+connector%22+OR+%22fluid+connector%22+OR+%22hydraulic+connector%22+or+%22hydraulic%22+or+%22fluid%22%29+%28product+OR+buy+OR+shop+OR+store+OR+price+OR+catalog+OR+specifications%29
teesing.com,NO,NO,https://www.google.com/search?q=inurl%3Ateesing.com+%28%22quick+change+connector%22+OR+%22connector%22+OR+%22quick+disconnect+connector%22+OR+%22quick+connector%22+OR+%22fluid+connector%22+OR+%22hydraulic+connector%22+or+%22hydraulic%22+or+%22fluid%22%29+%28product+OR+buy+OR+shop+OR+store+OR+price+OR+catalog+OR+specifications%29,https://www.google.com/search?q=inurl%3Ateesing.com+%28%22quick+change+connector%22+OR+%22connector%22+OR+%22quick+disconnect+connector%22+OR+%22quick+connector%22+OR+%22fluid+connector%22+OR+%22hydraulic+connector%22+or+%22hydraulic%22+or+%22fluid%22%29+%28product+OR+buy+OR+shop+OR+store+OR+price+OR+catalog+OR+specifications%29
delta-americas.com,NO,NO,https://www.google.com/search?q=inurl%3Adelta-americas.com+%28%22quick+change+connector%22+OR+%22connector%22+OR+%22quick+disconnect+connector%22+OR+%22quick+connector%22+OR+%22fluid+connector%22+OR+%22hydraulic+connector%22+or+%22hydraulic%22+or+%22fluid%22%29+%28product+OR+buy+OR+shop+OR+store+OR+price+OR+catalog+OR+specifications%29,https://www.google.com/search?q=inurl%3Adelta-americas.com+%28%22quick+change+connector%22+OR+%22connector%22+OR+%22quick+disconnect+connector%22+OR+%22quick+connector%22+OR+%22fluid+connector%22+OR+%22hydraulic+connector%22+or+%22hydraulic%22+or+%22fluid%22%29+%28product+OR+buy+OR+shop+OR+store+OR+price+OR+catalog+OR+specifications%29
jameco.com,NO,NO,https://www.google.com/search?q=inurl%3Ajameco.com+%28%22quick+change+connector%22+OR+%22connector%22+OR+%22quick+disconnect+connector%22+OR+%22quick+connector%22+OR+%22fluid+connector%22+OR+%22hydraulic+connector%22+or+%22hydraulic%22+or+%22fluid%22%29+%28product+OR+buy+OR+shop+OR+store+OR+price+OR+catalog+OR+specifications%29,https://www.google.com/search?q=inurl%3Ajameco.com+%28%22quick+change+connector%22+OR+%22connector%22+OR+%22quick+disconnect+connector%22+OR+%22quick+connector%22+OR+%22fluid+connector%22+OR+%22hydraulic+connector%22+or+%22hydraulic%22+or+%22fluid%22%29+%28product+OR+buy+OR+shop+OR+store+OR+price+OR+catalog+OR+specifications%29
hellermanntyton.us,NO,NO,https://www.google.com/search?q=inurl%3Ahellermanntyton.us+%28%22quick+change+connector%22+OR+%22connector%22+OR+%22quick+disconnect+connector%22+OR+%22quick+connector%22+OR+%22fluid+connector%22+OR+%22hydraulic+connector%22+or+%22hydraulic%22+or+%22fluid%22%29+%28product+OR+buy+OR+shop+OR+store+OR+price+OR+catalog+OR+specifications%29,https://www.google.com/search?q=inurl%3Ahellermanntyton.us+%28%22quick+change+connector%22+OR+%22connector%22+OR+%22quick+disconnect+connector%22+OR+%22quick+connector%22+OR+%22fluid+connector%22+OR+%22hydraulic+connector%22+or+%22hydraulic%22+or+%22fluid%22%29+%28product+OR+buy+OR+shop+OR+store+OR+price+OR+catalog+OR+specifications%29
stockwell.com,YES,NO,https://www.stockwell.com/technical-tips/,
slkcorp.com,NO,NO,https://www.google.com/search?q=inurl%3Aslkcorp.com+%28%22quick+change+connector%22+OR+%22connector%22+OR+%22quick+disconnect+connector%22+OR+%22quick+connector%22+OR+%22fluid+connector%22+OR+%22hydraulic+connector%22+or+%22hydraulic%22+or+%22fluid%22%29+%28product+OR+buy+OR+shop+OR+store+OR+price+OR+catalog+OR+specifications%29,https://www.google.com/search?q=inurl%3Aslkcorp.com+%28%22quick+change+connector%22+OR+%22connector%22+OR+%22quick+disconnect+connector%22+OR+%22quick+connector%22+OR+%22fluid+connector%22+OR+%22hydraulic+connector%22+or+%22hydraulic%22+or+%22fluid%22%29+%28product+OR+buy+OR+shop+OR+store+OR+price+OR+catalog+OR+specifications%29
versae.com,NO,NO,https://www.google.com/search?q=inurl%3Aversae.com+%28%22quick+change+connector%22+OR+%22connector%22+OR+%22quick+disconnect+connector%22+OR+%22quick+connector%22+OR+%22fluid+connector%22+OR+%22hydraulic+connector%22+or+%22hydraulic%22+or+%22fluid%22%29+%28product+OR+buy+OR+shop+OR+store+OR+price+OR+catalog+OR+specifications%29,https://www.google.com/search?q=inurl%3Aversae.com+%28%22quick+change+connector%22+OR+%22connector%22+OR+%22quick+disconnect+connector%22+OR+%22quick+connector%22+OR+%22fluid+connector%22+OR+%22hydraulic+connector%22+or+%22hydraulic%22+or+%22fluid%22%29+%28product+OR+buy+OR+shop+OR+store+OR+price+OR+catalog+OR+specifications%29
gilautomation.com,YES,NO,https://www.gilautomation.com/collections/pumps,
adamconn.com,NO,NO,https://www.google.com/search?q=inurl%3Aadamconn.com+%28%22quick+change+connector%22+OR+%22connector%22+OR+%22quick+disconnect+connector%22+OR+%22quick+connector%22+OR+%22fluid+connector%22+OR+%22hydraulic+connector%22+or+%22hydraulic%22+or+%22fluid%22%29+%28product+OR+buy+OR+shop+OR+store+OR+price+OR+catalog+OR+specifications%29,https://www.google.com/search?q=inurl%3Aadamconn.com+%28%22quick+change+connector%22+OR+%22connector%22+OR+%22quick+disconnect+connector%22+OR+%22quick+connector%22+OR+%22fluid+connector%22+OR+%22hydraulic+connector%22+or+%22hydraulic%22+or+%22fluid%22%29+%28product+OR+buy+OR+shop+OR+store+OR+price+OR+catalog+OR+specifications%29
watteredge.com,NO,NO,https://www.google.com/search?q=inurl%3Awatteredge.com+%28%22quick+change+connector%22+OR+%22connector%22+OR+%22quick+disconnect+connector%22+OR+%22quick+connector%22+OR+%22fluid+connector%22+OR+%22hydraulic+connector%22+or+%22hydraulic%22+or+%22fluid%22%29+%28product+OR+buy+OR+shop+OR+store+OR+price+OR+catalog+OR+specifications%29,https://www.google.com/search?q=inurl%3Awatteredge.com+%28%22quick+change+connector%22+OR+%22connector%22+OR+%22quick+disconnect+connector%22+OR+%22quick+connector%22+OR+%22fluid+connector%22+OR+%22hydraulic+connector%22+or+%22hydraulic%22+or+%22fluid%22%29+%28product+OR+buy+OR+shop+OR+store+OR+price+OR+catalog+OR+specifications%29
acecontrols.com,NO,NO,https://www.google.com/search?q=inurl%3Aacecontrols.com+%28%22quick+change+connector%22+OR+%22connector%22+OR+%22quick+disconnect+connector%22+OR+%22quick+connector%22+OR+%22fluid+connector%22+OR+%22hydraulic+connector%22+or+%22hydraulic%22+or+%22fluid%22%29+%28product+OR+buy+OR+shop+OR+store+OR+price+OR+catalog+OR+specifications%29,https://www.google.com/search?q=inurl%3Aacecontrols.com+%28%22quick+change+connector%22+OR+%22connector%22+OR+%22quick+disconnect+connector%22+OR+%22quick+connector%22+OR+%22fluid+connector%22+OR+%22hydraulic+connector%22+or+%22hydraulic%22+or+%22fluid%22%29+%28product+OR+buy+OR+shop+OR+store+OR+price+OR+catalog+OR+specifications%29
ect-cpg.com,NO,NO,https://www.google.com/search?q=inurl%3Aect-cpg.com+%28%22quick+change+connector%22+OR+%22connector%22+OR+%22quick+disconnect+connector%22+OR+%22quick+connector%22+OR+%22fluid+connector%22+OR+%22hydraulic+connector%22+or+%22hydraulic%22+or+%22fluid%22%29+%28product+OR+buy+OR+shop+OR+store+OR+price+OR+catalog+OR+specifications%29,https://www.google.com/search?q=inurl%3Aect-cpg.com+%28%22quick+change+connector%22+OR+%22connector%22+OR+%22quick+disconnect+connector%22+OR+%22quick+connector%22+OR+%22fluid+connector%22+OR+%22hydraulic+connector%22+or+%22hydraulic%22+or+%22fluid%22%29+%28product+OR+buy+OR+shop+OR+store+OR+price+OR+catalog+OR+specifications%29
cui.com,NO,NO,https://www.google.com/search?q=inurl%3Acui.com+%28%22quick+change+connector%22+OR+%22connector%22+OR+%22quick+disconnect+connector%22+OR+%22quick+connector%22+OR+%22fluid+connector%22+OR+%22hydraulic+connector%22+or+%22hydraulic%22+or+%22fluid%22%29+%28product+OR+buy+OR+shop+OR+store+OR+price+OR+catalog+OR+specifications%29,https://www.google.com/search?q=inurl%3Acui.com+%28%22quick+change+connector%22+OR+%22connector%22+OR+%22quick+disconnect+connector%22+OR+%22quick+connector%22+OR+%22fluid+connector%22+OR+%22hydraulic+connector%22+or+%22hydraulic%22+or+%22fluid%22%29+%28product+OR+buy+OR+shop+OR+store+OR+price+OR+catalog+OR+specifications%29
connecticc.com,NO,NO,https://www.google.com/search?q=inurl%3Aconnecticc.com+%28%22quick+change+connector%22+OR+%22connector%22+OR+%22quick+disconnect+connector%22+OR+%22quick+connector%22+OR+%22fluid+connector%22+OR+%22hydraulic+connector%22+or+%22hydraulic%22+or+%22fluid%22%29+%28product+OR+buy+OR+shop+OR+store+OR+price+OR+catalog+OR+specifications%29,https://www.google.com/search?q=inurl%3Aconnecticc.com+%28%22quick+change+connector%22+OR+%22connector%22+OR+%22quick+disconnect+connector%22+OR+%22quick+connector%22+OR+%22fluid+connector%22+OR+%22hydraulic+connector%22+or+%22hydraulic%22+or+%22fluid%22%29+%28product+OR+buy+OR+shop+OR+store+OR+price+OR+catalog+OR+specifications%29
triadtechnologies.com,YES,YES,https://www.triadtechnologies.com/blog/category/hydraulics,https://www.triadtechnologies.com/fluid-connectors/quick-couplings.html
nelcoproducts.com,NO,NO,https://www.google.com/search?q=inurl%3Anelcoproducts.com+%28%22quick+change+connector%22+OR+%22connector%22+OR+%22quick+disconnect+connector%22+OR+%22quick+connector%22+OR+%22fluid+connector%22+OR+%22hydraulic+connector%22+or+%22hydraulic%22+or+%22fluid%22%29+%28product+OR+buy+OR+shop+OR+store+OR+price+OR+catalog+OR+specifications%29,https://www.google.com/search?q=inurl%3Anelcoproducts.com+%28%22quick+change+connector%22+OR+%22connector%22+OR+%22quick+disconnect+connector%22+OR+%22quick+connector%22+OR+%22fluid+connector%22+OR+%22hydraulic+connector%22+or+%22hydraulic%22+or+%22fluid%22%29+%28product+OR+buy+OR+shop+OR+store+OR+price+OR+catalog+OR+specifications%29
eurotherm.com,YES,NO,https://www.eurotherm.com/in/case-studies-in/lancer-uk-high-performance-instrument-decontamination/,
amphenol-industrial.com,NO,NO,https://www.google.com/search?q=inurl%3Aamphenol-industrial.com+%28%22quick+change+connector%22+OR+%22connector%22+OR+%22quick+disconnect+connector%22+OR+%22quick+connector%22+OR+%22fluid+connector%22+OR+%22hydraulic+connector%22+or+%22hydraulic%22+or+%22fluid%22%29+%28product+OR+buy+OR+shop+OR+store+OR+price+OR+catalog+OR+specifications%29,https://www.google.com/search?q=inurl%3Aamphenol-industrial.com+%28%22quick+change+connector%22+OR+%22connector%22+OR+%22quick+disconnect+connector%22+OR+%22quick+connector%22+OR+%22fluid+connector%22+OR+%22hydraulic+connector%22+or+%22hydraulic%22+or+%22fluid%22%29+%28product+OR+buy+OR+shop+OR+store+OR+price+OR+catalog+OR+specifications%29
therm-x.com,YES,NO,https://www.therm-x.com/our-company/technical-definitions.html,
nexans.us,NO,NO,https://www.google.com/search?q=inurl%3Anexans.us+%28%22quick+change+connector%22+OR+%22connector%22+OR+%22quick+disconnect+connector%22+OR+%22quick+connector%22+OR+%22fluid+connector%22+OR+%22hydraulic+connector%22+or+%22hydraulic%22+or+%22fluid%22%29+%28product+OR+buy+OR+shop+OR+store+OR+price+OR+catalog+OR+specifications%29,https://www.google.com/search?q=inurl%3Anexans.us+%28%22quick+change+connector%22+OR+%22connector%22+OR+%22quick+disconnect+connector%22+OR+%22quick+connector%22+OR+%22fluid+connector%22+OR+%22hydraulic+connector%22+or+%22hydraulic%22+or+%22fluid%22%29+%28product+OR+buy+OR+shop+OR+store+OR+price+OR+catalog+OR+specifications%29
fralock.com,NO,NO,https://www.google.com/search?q=inurl%3Afralock.com+%28%22quick+change+connector%22+OR+%22connector%22+OR+%22quick+disconnect+connector%22+OR+%22quick+connector%22+OR+%22fluid+connector%22+OR+%22hydraulic+connector%22+or+%22hydraulic%22+or+%22fluid%22%29+%28product+OR+buy+OR+shop+OR+store+OR+price+OR+catalog+OR+specifications%29,https://www.google.com/search?q=inurl%3Afralock.com+%28%22quick+change+connector%22+OR+%22connector%22+OR+%22quick+disconnect+connector%22+OR+%22quick+connector%22+OR+%22fluid+connector%22+OR+%22hydraulic+connector%22+or+%22hydraulic%22+or+%22fluid%22%29+%28product+OR+buy+OR+shop+OR+store+OR+price+OR+catalog+OR+specifications%29
walkerindustrial.com,YES,NO,https://www.walkerindustrial.com/cindex.asp,
winn-marion.com,NO,NO,https://www.google.com/search?q=inurl%3Awinn-marion.com+%28%22quick+change+connector%22+OR+%22connector%22+OR+%22quick+disconnect+connector%22+OR+%22quick+connector%22+OR+%22fluid+connector%22+OR+%22hydraulic+connector%22+or+%22hydraulic%22+or+%22fluid%22%29+%28product+OR+buy+OR+shop+OR+store+OR+price+OR+catalog+OR+specifications%29,https://www.google.com/search?q=inurl%3Awinn-marion.com+%28%22quick+change+connector%22+OR+%22connector%22+OR+%22quick+disconnect+connector%22+OR+%22quick+connector%22+OR+%22fluid+connector%22+OR+%22hydraulic+connector%22+or+%22hydraulic%22+or+%22fluid%22%29+%28product+OR+buy+OR+shop+OR+store+OR+price+OR+catalog+OR+specifications%29
cypressindustries.com,NO,NO,https://www.google.com/search?q=inurl%3Acypressindustries.com+%28%22quick+change+connector%22+OR+%22connector%22+OR+%22quick+disconnect+connector%22+OR+%22quick+connector%22+OR+%22fluid+connector%22+OR+%22hydraulic+connector%22+or+%22hydraulic%22+or+%22fluid%22%29+%28product+OR+buy+OR+shop+OR+store+OR+price+OR+catalog+OR+specifications%29,https://www.google.com/search?q=inurl%3Acypressindustries.com+%28%22quick+change+connector%22+OR+%22connector%22+OR+%22quick+disconnect+connector%22+OR+%22quick+connector%22+OR+%22fluid+connector%22+OR+%22hydraulic+connector%22+or+%22hydraulic%22+or+%22fluid%22%29+%28product+OR+buy+OR+shop+OR+store+OR+price+OR+catalog+OR+specifications%29
awcwire.com,NO,NO,https://www.google.com/search?q=inurl%3Aawcwire.com+%28%22quick+change+connector%22+OR+%22connector%22+OR+%22quick+disconnect+connector%22+OR+%22quick+connector%22+OR+%22fluid+connector%22+OR+%22hydraulic+connector%22+or+%22hydraulic%22+or+%22fluid%22%29+%28product+OR+buy+OR+shop+OR+store+OR+price+OR+catalog+OR+specifications%29,https://www.google.com/search?q=inurl%3Aawcwire.com+%28%22quick+change+connector%22+OR+%22connector%22+OR+%22quick+disconnect+connector%22+OR+%22quick+connector%22+OR+%22fluid+connector%22+OR+%22hydraulic+connector%22+or+%22hydraulic%22+or+%22fluid%22%29+%28product+OR+buy+OR+shop+OR+store+OR+price+OR+catalog+OR+specifications%29
lexproducts.com,NO,NO,https://www.google.com/search?q=inurl%3Alexproducts.com+%28%22quick+change+connector%22+OR+%22connector%22+OR+%22quick+disconnect+connector%22+OR+%22quick+connector%22+OR+%22fluid+connector%22+OR+%22hydraulic+connector%22+or+%22hydraulic%22+or+%22fluid%22%29+%28product+OR+buy+OR+shop+OR+store+OR+price+OR+catalog+OR+specifications%29,https://www.google.com/search?q=inurl%3Alexproducts.com+%28%22quick+change+connector%22+OR+%22connector%22+OR+%22quick+disconnect+connector%22+OR+%22quick+connector%22+OR+%22fluid+connector%22+OR+%22hydraulic+connector%22+or+%22hydraulic%22+or+%22fluid%22%29+%28product+OR+buy+OR+shop+OR+store+OR+price+OR+catalog+OR+specifications%29
heilindasia.com,NO,NO,https://www.google.com/search?q=inurl%3Aheilindasia.com+%28%22quick+change+connector%22+OR+%22connector%22+OR+%22quick+disconnect+connector%22+OR+%22quick+connector%22+OR+%22fluid+connector%22+OR+%22hydraulic+connector%22+or+%22hydraulic%22+or+%22fluid%22%29+%28product+OR+buy+OR+shop+OR+store+OR+price+OR+catalog+OR+specifications%29,https://www.google.com/search?q=inurl%3Aheilindasia.com+%28%22quick+change+connector%22+OR+%22connector%22+OR+%22quick+disconnect+connector%22+OR+%22quick+connector%22+OR+%22fluid+connector%22+OR+%22hydraulic+connector%22+or+%22hydraulic%22+or+%22fluid%22%29+%28product+OR+buy+OR+shop+OR+store+OR+price+OR+catalog+OR+specifications%29
yeu.com,NO,NO,https://www.google.com/search?q=inurl%3Ayeu.com+%28%22quick+change+connector%22+OR+%22connector%22+OR+%22quick+disconnect+connector%22+OR+%22quick+connector%22+OR+%22fluid+connector%22+OR+%22hydraulic+connector%22+or+%22hydraulic%22+or+%22fluid%22%29+%28product+OR+buy+OR+shop+OR+store+OR+price+OR+catalog+OR+specifications%29,https://www.google.com/search?q=inurl%3Ayeu.com+%28%22quick+change+connector%22+OR+%22connector%22+OR+%22quick+disconnect+connector%22+OR+%22quick+connector%22+OR+%22fluid+connector%22+OR+%22hydraulic+connector%22+or+%22hydraulic%22+or+%22fluid%22%29+%28product+OR+buy+OR+shop+OR+store+OR+price+OR+catalog+OR+specifications%29
airhydropower.com,YES,YES,https://www.airhydropower.com/balluff,https://www.airhydropower.com/news/2014/09/09/powermotion-has-become-part-of-the-air-hydro-power-family
peigenesis.com,YES,NO,https://www.peigenesis.com/en/amphenol-connectors/amphenol-ms3450-series-mil-dtl-5015-matrix.html,
airlinehyd.com,NO,NO,https://www.google.com/search?q=inurl%3Aairlinehyd.com+%28%22quick+change+connector%22+OR+%22connector%22+OR+%22quick+disconnect+connector%22+OR+%22quick+connector%22+OR+%22fluid+connector%22+OR+%22hydraulic+connector%22+or+%22hydraulic%22+or+%22fluid%22%29+%28product+OR+buy+OR+shop+OR+store+OR+price+OR+catalog+OR+specifications%29,https://www.google.com/search?q=inurl%3Aairlinehyd.com+%28%22quick+change+connector%22+OR+%22connector%22+OR+%22quick+disconnect+connector%22+OR+%22quick+connector%22+OR+%22fluid+connector%22+OR+%22hydraulic+connector%22+or+%22hydraulic%22+or+%22fluid%22%29+%28product+OR+buy+OR+shop+OR+store+OR+price+OR+catalog+OR+specifications%29
powermation.com,NO,NO,https://www.google.com/search?q=inurl%3Apowermation.com+%28%22quick+change+connector%22+OR+%22connector%22+OR+%22quick+disconnect+connector%22+OR+%22quick+connector%22+OR+%22fluid+connector%22+OR+%22hydraulic+connector%22+or+%22hydraulic%22+or+%22fluid%22%29+%28product+OR+buy+OR+shop+OR+store+OR+price+OR+catalog+OR+specifications%29,https://www.google.com/search?q=inurl%3Apowermation.com+%28%22quick+change+connector%22+OR+%22connector%22+OR+%22quick+disconnect+connector%22+OR+%22quick+connector%22+OR+%22fluid+connector%22+OR+%22hydraulic+connector%22+or+%22hydraulic%22+or+%22fluid%22%29+%28product+OR+buy+OR+shop+OR+store+OR+price+OR+catalog+OR+specifications%29
turtle.com,NO,NO,https://www.google.com/search?q=inurl%3Aturtle.com+%28%22quick+change+connector%22+OR+%22connector%22+OR+%22quick+disconnect+connector%22+OR+%22quick+connector%22+OR+%22fluid+connector%22+OR+%22hydraulic+connector%22+or+%22hydraulic%22+or+%22fluid%22%29+%28product+OR+buy+OR+shop+OR+store+OR+price+OR+catalog+OR+specifications%29,https://www.google.com/search?q=inurl%3Aturtle.com+%28%22quick+change+connector%22+OR+%22connector%22+OR+%22quick+disconnect+connector%22+OR+%22quick+connector%22+OR+%22fluid+connector%22+OR+%22hydraulic+connector%22+or+%22hydraulic%22+or+%22fluid%22%29+%28product+OR+buy+OR+shop+OR+store+OR+price+OR+catalog+OR+specifications%29
