Website URL,Quick Change Connectors or Disconnect Connectors or Change Connectors Found in site? (YES/NO),Fluid Connectors or Hydraulic Connectors or Fluid or Hydraulic Found in site? (YES/NO),Coupling (YES/NO),Quick Change Connector Links,Fluid Connectors Links,Coupling Links
interstatewire.com,NO,NO,NO,https://www.google.com/search?q=inurl%3Ainterstatewire.com+%28%22quick+change+connector%22+OR+%22connector%22+OR+%22quick+disconnect+connector%22+OR+%22quick+connector%22+OR+%22fluid+connector%22+OR+%22hydraulic+connector%22+or+%22hydraulic%22+or+%22fluid%22%29+%28product+OR+buy+OR+shop+OR+store+OR+price+OR+catalog+OR+specifications%29,https://www.google.com/search?q=inurl%3Ainterstatewire.com+%28%22quick+change+connector%22+OR+%22connector%22+OR+%22quick+disconnect+connector%22+OR+%22quick+connector%22+OR+%22fluid+connector%22+OR+%22hydraulic+connector%22+or+%22hydraulic%22+or+%22fluid%22%29+%28product+OR+buy+OR+shop+OR+store+OR+price+OR+catalog+OR+specifications%29,https://www.google.com/search?q=inurl%3Ainterstatewire.com+%28%22quick+change+connector%22+OR+%22connector%22+OR+%22quick+disconnect+connector%22+OR+%22quick+connector%22+OR+%22fluid+connector%22+OR+%22hydraulic+connector%22+or+%22hydraulic%22+or+%22fluid%22%29+%28product+OR+buy+OR+shop+OR+store+OR+price+OR+catalog+OR+specifications%29
peerlesselectronics.com,NO,NO,NO,https://www.google.com/search?q=inurl%3Apeerlesselectronics.com+%28%22quick+change+connector%22+OR+%22connector%22+OR+%22quick+disconnect+connector%22+OR+%22quick+connector%22+OR+%22fluid+connector%22+OR+%22hydraulic+connector%22+or+%22hydraulic%22+or+%22fluid%22%29+%28product+OR+buy+OR+shop+OR+store+OR+price+OR+catalog+OR+specifications%29,https://www.google.com/search?q=inurl%3Apeerlesselectronics.com+%28%22quick+change+connector%22+OR+%22connector%22+OR+%22quick+disconnect+connector%22+OR+%22quick+connector%22+OR+%22fluid+connector%22+OR+%22hydraulic+connector%22+or+%22hydraulic%22+or+%22fluid%22%29+%28product+OR+buy+OR+shop+OR+store+OR+price+OR+catalog+OR+specifications%29,https://www.google.com/search?q=inurl%3Apeerlesselectronics.com+%28%22quick+change+connector%22+OR+%22connector%22+OR+%22quick+disconnect+connector%22+OR+%22quick+connector%22+OR+%22fluid+connector%22+OR+%22hydraulic+connector%22+or+%22hydraulic%22+or+%22fluid%22%29+%28product+OR+buy+OR+shop+OR+store+OR+price+OR+catalog+OR+specifications%29
teesing.com,NO,NO,NO,https://www.google.com/search?q=inurl%3Ateesing.com+%28%22quick+change+connector%22+OR+%22connector%22+OR+%22quick+disconnect+connector%22+OR+%22quick+connector%22+OR+%22fluid+connector%22+OR+%22hydraulic+connector%22+or+%22hydraulic%22+or+%22fluid%22%29+%28product+OR+buy+OR+shop+OR+store+OR+price+OR+catalog+OR+specifications%29,https://www.google.com/search?q=inurl%3Ateesing.com+%28%22quick+change+connector%22+OR+%22connector%22+OR+%22quick+disconnect+connector%22+OR+%22quick+connector%22+OR+%22fluid+connector%22+OR+%22hydraulic+connector%22+or+%22hydraulic%22+or+%22fluid%22%29+%28product+OR+buy+OR+shop+OR+store+OR+price+OR+catalog+OR+specifications%29,https://www.google.com/search?q=inurl%3Ateesing.com+%28%22quick+change+connector%22+OR+%22connector%22+OR+%22quick+disconnect+connector%22+OR+%22quick+connector%22+OR+%22fluid+connector%22+OR+%22hydraulic+connector%22+or+%22hydraulic%22+or+%22fluid%22%29+%28product+OR+buy+OR+shop+OR+store+OR+price+OR+catalog+OR+specifications%29
delta-americas.com,NO,NO,NO,https://www.google.com/search?q=inurl%3Adelta-americas.com+%28%22quick+change+connector%22+OR+%22connector%22+OR+%22quick+disconnect+connector%22+OR+%22quick+connector%22+OR+%22fluid+connector%22+OR+%22hydraulic+connector%22+or+%22hydraulic%22+or+%22fluid%22%29+%28product+OR+buy+OR+shop+OR+store+OR+price+OR+catalog+OR+specifications%29,https://www.google.com/search?q=inurl%3Adelta-americas.com+%28%22quick+change+connector%22+OR+%22connector%22+OR+%22quick+disconnect+connector%22+OR+%22quick+connector%22+OR+%22fluid+connector%22+OR+%22hydraulic+connector%22+or+%22hydraulic%22+or+%22fluid%22%29+%28product+OR+buy+OR+shop+OR+store+OR+price+OR+catalog+OR+specifications%29,https://www.google.com/search?q=inurl%3Adelta-americas.com+%28%22quick+change+connector%22+OR+%22connector%22+OR+%22quick+disconnect+connector%22+OR+%22quick+connector%22+OR+%22fluid+connector%22+OR+%22hydraulic+connector%22+or+%22hydraulic%22+or+%22fluid%22%29+%28product+OR+buy+OR+shop+OR+store+OR+price+OR+catalog+OR+specifications%29
jameco.com,NO,NO,NO,https://www.google.com/search?q=inurl%3Ajameco.com+%28%22quick+change+connector%22+OR+%22connector%22+OR+%22quick+disconnect+connector%22+OR+%22quick+connector%22+OR+%22fluid+connector%22+OR+%22hydraulic+connector%22+or+%22hydraulic%22+or+%22fluid%22%29+%28product+OR+buy+OR+shop+OR+store+OR+price+OR+catalog+OR+specifications%29,https://www.google.com/search?q=inurl%3Ajameco.com+%28%22quick+change+connector%22+OR+%22connector%22+OR+%22quick+disconnect+connector%22+OR+%22quick+connector%22+OR+%22fluid+connector%22+OR+%22hydraulic+connector%22+or+%22hydraulic%22+or+%22fluid%22%29+%28product+OR+buy+OR+shop+OR+store+OR+price+OR+catalog+OR+specifications%29,https://www.google.com/search?q=inurl%3Ajameco.com+%28%22quick+change+connector%22+OR+%22connector%22+OR+%22quick+disconnect+connector%22+OR+%22quick+connector%22+OR+%22fluid+connector%22+OR+%22hydraulic+connector%22+or+%22hydraulic%22+or+%22fluid%22%29+%28product+OR+buy+OR+shop+OR+store+OR+price+OR+catalog+OR+specifications%29
hellermanntyton.us,NO,NO,NO,https://www.google.com/search?q=inurl%3Ahellermanntyton.us+%28%22quick+change+connector%22+OR+%22connector%22+OR+%22quick+disconnect+connector%22+OR+%22quick+connector%22+OR+%22fluid+connector%22+OR+%22hydraulic+connector%22+or+%22hydraulic%22+or+%22fluid%22%29+%28product+OR+buy+OR+shop+OR+store+OR+price+OR+catalog+OR+specifications%29,https://www.google.com/search?q=inurl%3Ahellermanntyton.us+%28%22quick+change+connector%22+OR+%22connector%22+OR+%22quick+disconnect+connector%22+OR+%22quick+connector%22+OR+%22fluid+connector%22+OR+%22hydraulic+connector%22+or+%22hydraulic%22+or+%22fluid%22%29+%28product+OR+buy+OR+shop+OR+store+OR+price+OR+catalog+OR+specifications%29,https://www.google.com/search?q=inurl%3Ahellermanntyton.us+%28%22quick+change+connector%22+OR+%22connector%22+OR+%22quick+disconnect+connector%22+OR+%22quick+connector%22+OR+%22fluid+connector%22+OR+%22hydraulic+connector%22+or+%22hydraulic%22+or+%22fluid%22%29+%28product+OR+buy+OR+shop+OR+store+OR+price+OR+catalog+OR+specifications%29
stockwell.com,NO,NO,NO,https://www.google.com/search?q=inurl%3Astockwell.com+%28%22quick+change+connector%22+OR+%22connector%22+OR+%22quick+disconnect+connector%22+OR+%22quick+connector%22+OR+%22fluid+connector%22+OR+%22hydraulic+connector%22+or+%22hydraulic%22+or+%22fluid%22%29+%28product+OR+buy+OR+shop+OR+store+OR+price+OR+catalog+OR+specifications%29,https://www.google.com/search?q=inurl%3Astockwell.com+%28%22quick+change+connector%22+OR+%22connector%22+OR+%22quick+disconnect+connector%22+OR+%22quick+connector%22+OR+%22fluid+connector%22+OR+%22hydraulic+connector%22+or+%22hydraulic%22+or+%22fluid%22%29+%28product+OR+buy+OR+shop+OR+store+OR+price+OR+catalog+OR+specifications%29,https://www.google.com/search?q=inurl%3Astockwell.com+%28%22quick+change+connector%22+OR+%22connector%22+OR+%22quick+disconnect+connector%22+OR+%22quick+connector%22+OR+%22fluid+connector%22+OR+%22hydraulic+connector%22+or+%22hydraulic%22+or+%22fluid%22%29+%28product+OR+buy+OR+shop+OR+store+OR+price+OR+catalog+OR+specifications%29
slkcorp.com,NO,NO,NO,https://www.google.com/search?q=inurl%3Aslkcorp.com+%28%22quick+change+connector%22+OR+%22connector%22+OR+%22quick+disconnect+connector%22+OR+%22quick+connector%22+OR+%22fluid+connector%22+OR+%22hydraulic+connector%22+or+%22hydraulic%22+or+%22fluid%22%29+%28product+OR+buy+OR+shop+OR+store+OR+price+OR+catalog+OR+specifications%29,https://www.google.com/search?q=inurl%3Aslkcorp.com+%28%22quick+change+connector%22+OR+%22connector%22+OR+%22quick+disconnect+connector%22+OR+%22quick+connector%22+OR+%22fluid+connector%22+OR+%22hydraulic+connector%22+or+%22hydraulic%22+or+%22fluid%22%29+%28product+OR+buy+OR+shop+OR+store+OR+price+OR+catalog+OR+specifications%29,https://www.google.com/search?q=inurl%3Aslkcorp.com+%28%22quick+change+connector%22+OR+%22connector%22+OR+%22quick+disconnect+connector%22+OR+%22quick+connector%22+OR+%22fluid+connector%22+OR+%22hydraulic+connector%22+or+%22hydraulic%22+or+%22fluid%22%29+%28product+OR+buy+OR+shop+OR+store+OR+price+OR+catalog+OR+specifications%29
versae.com,NO,NO,NO,https://www.google.com/search?q=inurl%3Aversae.com+%28%22quick+change+connector%22+OR+%22connector%22+OR+%22quick+disconnect+connector%22+OR+%22quick+connector%22+OR+%22fluid+connector%22+OR+%22hydraulic+connector%22+or+%22hydraulic%22+or+%22fluid%22%29+%28product+OR+buy+OR+shop+OR+store+OR+price+OR+catalog+OR+specifications%29,https://www.google.com/search?q=inurl%3Aversae.com+%28%22quick+change+connector%22+OR+%22connector%22+OR+%22quick+disconnect+connector%22+OR+%22quick+connector%22+OR+%22fluid+connector%22+OR+%22hydraulic+connector%22+or+%22hydraulic%22+or+%22fluid%22%29+%28product+OR+buy+OR+shop+OR+store+OR+price+OR+catalog+OR+specifications%29,https://www.google.com/search?q=inurl%3Aversae.com+%28%22quick+change+connector%22+OR+%22connector%22+OR+%22quick+disconnect+connector%22+OR+%22quick+connector%22+OR+%22fluid+connector%22+OR+%22hydraulic+connector%22+or+%22hydraulic%22+or+%22fluid%22%29+%28product+OR+buy+OR+shop+OR+store+OR+price+OR+catalog+OR+specifications%29
gilautomation.com,NO,NO,NO,https://www.google.com/search?q=inurl%3Agilautomation.com+%28%22quick+change+connector%22+OR+%22connector%22+OR+%22quick+disconnect+connector%22+OR+%22quick+connector%22+OR+%22fluid+connector%22+OR+%22hydraulic+connector%22+or+%22hydraulic%22+or+%22fluid%22%29+%28product+OR+buy+OR+shop+OR+store+OR+price+OR+catalog+OR+specifications%29,https://www.google.com/search?q=inurl%3Agilautomation.com+%28%22quick+change+connector%22+OR+%22connector%22+OR+%22quick+disconnect+connector%22+OR+%22quick+connector%22+OR+%22fluid+connector%22+OR+%22hydraulic+connector%22+or+%22hydraulic%22+or+%22fluid%22%29+%28product+OR+buy+OR+shop+OR+store+OR+price+OR+catalog+OR+specifications%29,https://www.google.com/search?q=inurl%3Agilautomation.com+%28%22quick+change+connector%22+OR+%22connector%22+OR+%22quick+disconnect+connector%22+OR+%22quick+connector%22+OR+%22fluid+connector%22+OR+%22hydraulic+connector%22+or+%22hydraulic%22+or+%22fluid%22%29+%28product+OR+buy+OR+shop+OR+store+OR+price+OR+catalog+OR+specifications%29
adamconn.com,NO,NO,NO,https://www.google.com/search?q=inurl%3Aadamconn.com+%28%22quick+change+connector%22+OR+%22connector%22+OR+%22quick+disconnect+connector%22+OR+%22quick+connector%22+OR+%22fluid+connector%22+OR+%22hydraulic+connector%22+or+%22hydraulic%22+or+%22fluid%22%29+%28product+OR+buy+OR+shop+OR+store+OR+price+OR+catalog+OR+specifications%29,https://www.google.com/search?q=inurl%3Aadamconn.com+%28%22quick+change+connector%22+OR+%22connector%22+OR+%22quick+disconnect+connector%22+OR+%22quick+connector%22+OR+%22fluid+connector%22+OR+%22hydraulic+connector%22+or+%22hydraulic%22+or+%22fluid%22%29+%28product+OR+buy+OR+shop+OR+store+OR+price+OR+catalog+OR+specifications%29,https://www.google.com/search?q=inurl%3Aadamconn.com+%28%22quick+change+connector%22+OR+%22connector%22+OR+%22quick+disconnect+connector%22+OR+%22quick+connector%22+OR+%22fluid+connector%22+OR+%22hydraulic+connector%22+or+%22hydraulic%22+or+%22fluid%22%29+%28product+OR+buy+OR+shop+OR+store+OR+price+OR+catalog+OR+specifications%29
watteredge.com,NO,NO,NO,https://www.google.com/search?q=inurl%3Awatteredge.com+%28%22quick+change+connector%22+OR+%22connector%22+OR+%22quick+disconnect+connector%22+OR+%22quick+connector%22+OR+%22fluid+connector%22+OR+%22hydraulic+connector%22+or+%22hydraulic%22+or+%22fluid%22%29+%28product+OR+buy+OR+shop+OR+store+OR+price+OR+catalog+OR+specifications%29,https://www.google.com/search?q=inurl%3Awatteredge.com+%28%22quick+change+connector%22+OR+%22connector%22+OR+%22quick+disconnect+connector%22+OR+%22quick+connector%22+OR+%22fluid+connector%22+OR+%22hydraulic+connector%22+or+%22hydraulic%22+or+%22fluid%22%29+%28product+OR+buy+OR+shop+OR+store+OR+price+OR+catalog+OR+specifications%29,https://www.google.com/search?q=inurl%3Awatteredge.com+%28%22quick+change+connector%22+OR+%22connector%22+OR+%22quick+disconnect+connector%22+OR+%22quick+connector%22+OR+%22fluid+connector%22+OR+%22hydraulic+connector%22+or+%22hydraulic%22+or+%22fluid%22%29+%28product+OR+buy+OR+shop+OR+store+OR+price+OR+catalog+OR+specifications%29
acecontrols.com,NO,NO,NO,https://www.google.com/search?q=inurl%3Aacecontrols.com+%28%22quick+change+connector%22+OR+%22connector%22+OR+%22quick+disconnect+connector%22+OR+%22quick+connector%22+OR+%22fluid+connector%22+OR+%22hydraulic+connector%22+or+%22hydraulic%22+or+%22fluid%22%29+%28product+OR+buy+OR+shop+OR+store+OR+price+OR+catalog+OR+specifications%29,https://www.google.com/search?q=inurl%3Aacecontrols.com+%28%22quick+change+connector%22+OR+%22connector%22+OR+%22quick+disconnect+connector%22+OR+%22quick+connector%22+OR+%22fluid+connector%22+OR+%22hydraulic+connector%22+or+%22hydraulic%22+or+%22fluid%22%29+%28product+OR+buy+OR+shop+OR+store+OR+price+OR+catalog+OR+specifications%29,https://www.google.com/search?q=inurl%3Aacecontrols.com+%28%22quick+change+connector%22+OR+%22connector%22+OR+%22quick+disconnect+connector%22+OR+%22quick+connector%22+OR+%22fluid+connector%22+OR+%22hydraulic+connector%22+or+%22hydraulic%22+or+%22fluid%22%29+%28product+OR+buy+OR+shop+OR+store+OR+price+OR+catalog+OR+specifications%29
ect-cpg.com,NO,NO,NO,https://www.google.com/search?q=inurl%3Aect-cpg.com+%28%22quick+change+connector%22+OR+%22connector%22+OR+%22quick+disconnect+connector%22+OR+%22quick+connector%22+OR+%22fluid+connector%22+OR+%22hydraulic+connector%22+or+%22hydraulic%22+or+%22fluid%22%29+%28product+OR+buy+OR+shop+OR+store+OR+price+OR+catalog+OR+specifications%29,https://www.google.com/search?q=inurl%3Aect-cpg.com+%28%22quick+change+connector%22+OR+%22connector%22+OR+%22quick+disconnect+connector%22+OR+%22quick+connector%22+OR+%22fluid+connector%22+OR+%22hydraulic+connector%22+or+%22hydraulic%22+or+%22fluid%22%29+%28product+OR+buy+OR+shop+OR+store+OR+price+OR+catalog+OR+specifications%29,https://www.google.com/search?q=inurl%3Aect-cpg.com+%28%22quick+change+connector%22+OR+%22connector%22+OR+%22quick+disconnect+connector%22+OR+%22quick+connector%22+OR+%22fluid+connector%22+OR+%22hydraulic+connector%22+or+%22hydraulic%22+or+%22fluid%22%29+%28product+OR+buy+OR+shop+OR+store+OR+price+OR+catalog+OR+specifications%29
cui.com,NO,NO,NO,https://www.google.com/search?q=inurl%3Acui.com+%28%22quick+change+connector%22+OR+%22connector%22+OR+%22quick+disconnect+connector%22+OR+%22quick+connector%22+OR+%22fluid+connector%22+OR+%22hydraulic+connector%22+or+%22hydraulic%22+or+%22fluid%22%29+%28product+OR+buy+OR+shop+OR+store+OR+price+OR+catalog+OR+specifications%29,https://www.google.com/search?q=inurl%3Acui.com+%28%22quick+change+connector%22+OR+%22connector%22+OR+%22quick+disconnect+connector%22+OR+%22quick+connector%22+OR+%22fluid+connector%22+OR+%22hydraulic+connector%22+or+%22hydraulic%22+or+%22fluid%22%29+%28product+OR+buy+OR+shop+OR+store+OR+price+OR+catalog+OR+specifications%29,https://www.google.com/search?q=inurl%3Acui.com+%28%22quick+change+connector%22+OR+%22connector%22+OR+%22quick+disconnect+connector%22+OR+%22quick+connector%22+OR+%22fluid+connector%22+OR+%22hydraulic+connector%22+or+%22hydraulic%22+or+%22fluid%22%29+%28product+OR+buy+OR+shop+OR+store+OR+price+OR+catalog+OR+specifications%29
connecticc.com,NO,NO,NO,https://www.google.com/search?q=inurl%3Aconnecticc.com+%28%22quick+change+connector%22+OR+%22connector%22+OR+%22quick+disconnect+connector%22+OR+%22quick+connector%22+OR+%22fluid+connector%22+OR+%22hydraulic+connector%22+or+%22hydraulic%22+or+%22fluid%22%29+%28product+OR+buy+OR+shop+OR+store+OR+price+OR+catalog+OR+specifications%29,https://www.google.com/search?q=inurl%3Aconnecticc.com+%28%22quick+change+connector%22+OR+%22connector%22+OR+%22quick+disconnect+connector%22+OR+%22quick+connector%22+OR+%22fluid+connector%22+OR+%22hydraulic+connector%22+or+%22hydraulic%22+or+%22fluid%22%29+%28product+OR+buy+OR+shop+OR+store+OR+price+OR+catalog+OR+specifications%29,https://www.google.com/search?q=inurl%3Aconnecticc.com+%28%22quick+change+connector%22+OR+%22connector%22+OR+%22quick+disconnect+connector%22+OR+%22quick+connector%22+OR+%22fluid+connector%22+OR+%22hydraulic+connector%22+or+%22hydraulic%22+or+%22fluid%22%29+%28product+OR+buy+OR+shop+OR+store+OR+price+OR+catalog+OR+specifications%29
triadtechnologies.com,YES,YES,YES,https://www.triadtechnologies.com/fluid-connectors/quick-couplings.html,https://www.triadtechnologies.com/fluid-connectors/quick-couplings.html,https://www.triadtechnologies.com/fluid-connectors/quick-couplings.html
nelcoproducts.com,NO,NO,NO,https://www.google.com/search?q=inurl%3Anelcoproducts.com+%28%22quick+change+connector%22+OR+%22connector%22+OR+%22quick+disconnect+connector%22+OR+%22quick+connector%22+OR+%22fluid+connector%22+OR+%22hydraulic+connector%22+or+%22hydraulic%22+or+%22fluid%22%29+%28product+OR+buy+OR+shop+OR+store+OR+price+OR+catalog+OR+specifications%29,https://www.google.com/search?q=inurl%3Anelcoproducts.com+%28%22quick+change+connector%22+OR+%22connector%22+OR+%22quick+disconnect+connector%22+OR+%22quick+connector%22+OR+%22fluid+connector%22+OR+%22hydraulic+connector%22+or+%22hydraulic%22+or+%22fluid%22%29+%28product+OR+buy+OR+shop+OR+store+OR+price+OR+catalog+OR+specifications%29,https://www.google.com/search?q=inurl%3Anelcoproducts.com+%28%22quick+change+connector%22+OR+%22connector%22+OR+%22quick+disconnect+connector%22+OR+%22quick+connector%22+OR+%22fluid+connector%22+OR+%22hydraulic+connector%22+or+%22hydraulic%22+or+%22fluid%22%29+%28product+OR+buy+OR+shop+OR+store+OR+price+OR+catalog+OR+specifications%29
eurotherm.com,NO,NO,NO,https://www.google.com/search?q=inurl%3Aeurotherm.com+%28%22quick+change+connector%22+OR+%22connector%22+OR+%22quick+disconnect+connector%22+OR+%22quick+connector%22+OR+%22fluid+connector%22+OR+%22hydraulic+connector%22+or+%22hydraulic%22+or+%22fluid%22%29+%28product+OR+buy+OR+shop+OR+store+OR+price+OR+catalog+OR+specifications%29,https://www.google.com/search?q=inurl%3Aeurotherm.com+%28%22quick+change+connector%22+OR+%22connector%22+OR+%22quick+disconnect+connector%22+OR+%22quick+connector%22+OR+%22fluid+connector%22+OR+%22hydraulic+connector%22+or+%22hydraulic%22+or+%22fluid%22%29+%28product+OR+buy+OR+shop+OR+store+OR+price+OR+catalog+OR+specifications%29,https://www.google.com/search?q=inurl%3Aeurotherm.com+%28%22quick+change+connector%22+OR+%22connector%22+OR+%22quick+disconnect+connector%22+OR+%22quick+connector%22+OR+%22fluid+connector%22+OR+%22hydraulic+connector%22+or+%22hydraulic%22+or+%22fluid%22%29+%28product+OR+buy+OR+shop+OR+store+OR+price+OR+catalog+OR+specifications%29
amphenol-industrial.com,NO,NO,NO,https://www.google.com/search?q=inurl%3Aamphenol-industrial.com+%28%22quick+change+connector%22+OR+%22connector%22+OR+%22quick+disconnect+connector%22+OR+%22quick+connector%22+OR+%22fluid+connector%22+OR+%22hydraulic+connector%22+or+%22hydraulic%22+or+%22fluid%22%29+%28product+OR+buy+OR+shop+OR+store+OR+price+OR+catalog+OR+specifications%29,https://www.google.com/search?q=inurl%3Aamphenol-industrial.com+%28%22quick+change+connector%22+OR+%22connector%22+OR+%22quick+disconnect+connector%22+OR+%22quick+connector%22+OR+%22fluid+connector%22+OR+%22hydraulic+connector%22+or+%22hydraulic%22+or+%22fluid%22%29+%28product+OR+buy+OR+shop+OR+store+OR+price+OR+catalog+OR+specifications%29,https://www.google.com/search?q=inurl%3Aamphenol-industrial.com+%28%22quick+change+connector%22+OR+%22connector%22+OR+%22quick+disconnect+connector%22+OR+%22quick+connector%22+OR+%22fluid+connector%22+OR+%22hydraulic+connector%22+or+%22hydraulic%22+or+%22fluid%22%29+%28product+OR+buy+OR+shop+OR+store+OR+price+OR+catalog+OR+specifications%29
therm-x.com,NO,NO,NO,https://www.google.com/search?q=inurl%3Atherm-x.com+%28%22quick+change+connector%22+OR+%22connector%22+OR+%22quick+disconnect+connector%22+OR+%22quick+connector%22+OR+%22fluid+connector%22+OR+%22hydraulic+connector%22+or+%22hydraulic%22+or+%22fluid%22%29+%28product+OR+buy+OR+shop+OR+store+OR+price+OR+catalog+OR+specifications%29,https://www.google.com/search?q=inurl%3Atherm-x.com+%28%22quick+change+connector%22+OR+%22connector%22+OR+%22quick+disconnect+connector%22+OR+%22quick+connector%22+OR+%22fluid+connector%22+OR+%22hydraulic+connector%22+or+%22hydraulic%22+or+%22fluid%22%29+%28product+OR+buy+OR+shop+OR+store+OR+price+OR+catalog+OR+specifications%29,https://www.google.com/search?q=inurl%3Atherm-x.com+%28%22quick+change+connector%22+OR+%22connector%22+OR+%22quick+disconnect+connector%22+OR+%22quick+connector%22+OR+%22fluid+connector%22+OR+%22hydraulic+connector%22+or+%22hydraulic%22+or+%22fluid%22%29+%28product+OR+buy+OR+shop+OR+store+OR+price+OR+catalog+OR+specifications%29
nexans.us,NO,NO,NO,https://www.google.com/search?q=inurl%3Anexans.us+%28%22quick+change+connector%22+OR+%22connector%22+OR+%22quick+disconnect+connector%22+OR+%22quick+connector%22+OR+%22fluid+connector%22+OR+%22hydraulic+connector%22+or+%22hydraulic%22+or+%22fluid%22%29+%28product+OR+buy+OR+shop+OR+store+OR+price+OR+catalog+OR+specifications%29,https://www.google.com/search?q=inurl%3Anexans.us+%28%22quick+change+connector%22+OR+%22connector%22+OR+%22quick+disconnect+connector%22+OR+%22quick+connector%22+OR+%22fluid+connector%22+OR+%22hydraulic+connector%22+or+%22hydraulic%22+or+%22fluid%22%29+%28product+OR+buy+OR+shop+OR+store+OR+price+OR+catalog+OR+specifications%29,https://www.google.com/search?q=inurl%3Anexans.us+%28%22quick+change+connector%22+OR+%22connector%22+OR+%22quick+disconnect+connector%22+OR+%22quick+connector%22+OR+%22fluid+connector%22+OR+%22hydraulic+connector%22+or+%22hydraulic%22+or+%22fluid%22%29+%28product+OR+buy+OR+shop+OR+store+OR+price+OR+catalog+OR+specifications%29
fralock.com,NO,NO,NO,https://www.google.com/search?q=inurl%3Afralock.com+%28%22quick+change+connector%22+OR+%22connector%22+OR+%22quick+disconnect+connector%22+OR+%22quick+connector%22+OR+%22fluid+connector%22+OR+%22hydraulic+connector%22+or+%22hydraulic%22+or+%22fluid%22%29+%28product+OR+buy+OR+shop+OR+store+OR+price+OR+catalog+OR+specifications%29,https://www.google.com/search?q=inurl%3Afralock.com+%28%22quick+change+connector%22+OR+%22connector%22+OR+%22quick+disconnect+connector%22+OR+%22quick+connector%22+OR+%22fluid+connector%22+OR+%22hydraulic+connector%22+or+%22hydraulic%22+or+%22fluid%22%29+%28product+OR+buy+OR+shop+OR+store+OR+price+OR+catalog+OR+specifications%29,https://www.google.com/search?q=inurl%3Afralock.com+%28%22quick+change+connector%22+OR+%22connector%22+OR+%22quick+disconnect+connector%22+OR+%22quick+connector%22+OR+%22fluid+connector%22+OR+%22hydraulic+connector%22+or+%22hydraulic%22+or+%22fluid%22%29+%28product+OR+buy+OR+shop+OR+store+OR+price+OR+catalog+OR+specifications%29
walkerindustrial.com,YES,NO,YES,https://www.walkerindustrial.com/cindex.asp,https://www.google.com/search?q=inurl%3Awalkerindustrial.com+%28%22quick+change+connector%22+OR+%22connector%22+OR+%22quick+disconnect+connector%22+OR+%22quick+connector%22+OR+%22fluid+connector%22+OR+%22hydraulic+connector%22+or+%22hydraulic%22+or+%22fluid%22%29+%28product+OR+buy+OR+shop+OR+store+OR+price+OR+catalog+OR+specifications%29,https://www.walkerindustrial.com/cindex.asp
winn-marion.com,NO,NO,NO,https://www.google.com/search?q=inurl%3Awinn-marion.com+%28%22quick+change+connector%22+OR+%22connector%22+OR+%22quick+disconnect+connector%22+OR+%22quick+connector%22+OR+%22fluid+connector%22+OR+%22hydraulic+connector%22+or+%22hydraulic%22+or+%22fluid%22%29+%28product+OR+buy+OR+shop+OR+store+OR+price+OR+catalog+OR+specifications%29,https://www.google.com/search?q=inurl%3Awinn-marion.com+%28%22quick+change+connector%22+OR+%22connector%22+OR+%22quick+disconnect+connector%22+OR+%22quick+connector%22+OR+%22fluid+connector%22+OR+%22hydraulic+connector%22+or+%22hydraulic%22+or+%22fluid%22%29+%28product+OR+buy+OR+shop+OR+store+OR+price+OR+catalog+OR+specifications%29,https://www.google.com/search?q=inurl%3Awinn-marion.com+%28%22quick+change+connector%22+OR+%22connector%22+OR+%22quick+disconnect+connector%22+OR+%22quick+connector%22+OR+%22fluid+connector%22+OR+%22hydraulic+connector%22+or+%22hydraulic%22+or+%22fluid%22%29+%28product+OR+buy+OR+shop+OR+store+OR+price+OR+catalog+OR+specifications%29
cypressindustries.com,NO,NO,NO,https://www.google.com/search?q=inurl%3Acypressindustries.com+%28%22quick+change+connector%22+OR+%22connector%22+OR+%22quick+disconnect+connector%22+OR+%22quick+connector%22+OR+%22fluid+connector%22+OR+%22hydraulic+connector%22+or+%22hydraulic%22+or+%22fluid%22%29+%28product+OR+buy+OR+shop+OR+store+OR+price+OR+catalog+OR+specifications%29,https://www.google.com/search?q=inurl%3Acypressindustries.com+%28%22quick+change+connector%22+OR+%22connector%22+OR+%22quick+disconnect+connector%22+OR+%22quick+connector%22+OR+%22fluid+connector%22+OR+%22hydraulic+connector%22+or+%22hydraulic%22+or+%22fluid%22%29+%28product+OR+buy+OR+shop+OR+store+OR+price+OR+catalog+OR+specifications%29,https://www.google.com/search?q=inurl%3Acypressindustries.com+%28%22quick+change+connector%22+OR+%22connector%22+OR+%22quick+disconnect+connector%22+OR+%22quick+connector%22+OR+%22fluid+connector%22+OR+%22hydraulic+connector%22+or+%22hydraulic%22+or+%22fluid%22%29+%28product+OR+buy+OR+shop+OR+store+OR+price+OR+catalog+OR+specifications%29
awcwire.com,NO,NO,NO,https://www.google.com/search?q=inurl%3Aawcwire.com+%28%22quick+change+connector%22+OR+%22connector%22+OR+%22quick+disconnect+connector%22+OR+%22quick+connector%22+OR+%22fluid+connector%22+OR+%22hydraulic+connector%22+or+%22hydraulic%22+or+%22fluid%22%29+%28product+OR+buy+OR+shop+OR+store+OR+price+OR+catalog+OR+specifications%29,https://www.google.com/search?q=inurl%3Aawcwire.com+%28%22quick+change+connector%22+OR+%22connector%22+OR+%22quick+disconnect+connector%22+OR+%22quick+connector%22+OR+%22fluid+connector%22+OR+%22hydraulic+connector%22+or+%22hydraulic%22+or+%22fluid%22%29+%28product+OR+buy+OR+shop+OR+store+OR+price+OR+catalog+OR+specifications%29,https://www.google.com/search?q=inurl%3Aawcwire.com+%28%22quick+change+connector%22+OR+%22connector%22+OR+%22quick+disconnect+connector%22+OR+%22quick+connector%22+OR+%22fluid+connector%22+OR+%22hydraulic+connector%22+or+%22hydraulic%22+or+%22fluid%22%29+%28product+OR+buy+OR+shop+OR+store+OR+price+OR+catalog+OR+specifications%29
lexproducts.com,NO,NO,NO,https://www.google.com/search?q=inurl%3Alexproducts.com+%28%22quick+change+connector%22+OR+%22connector%22+OR+%22quick+disconnect+connector%22+OR+%22quick+connector%22+OR+%22fluid+connector%22+OR+%22hydraulic+connector%22+or+%22hydraulic%22+or+%22fluid%22%29+%28product+OR+buy+OR+shop+OR+store+OR+price+OR+catalog+OR+specifications%29,https://www.google.com/search?q=inurl%3Alexproducts.com+%28%22quick+change+connector%22+OR+%22connector%22+OR+%22quick+disconnect+connector%22+OR+%22quick+connector%22+OR+%22fluid+connector%22+OR+%22hydraulic+connector%22+or+%22hydraulic%22+or+%22fluid%22%29+%28product+OR+buy+OR+shop+OR+store+OR+price+OR+catalog+OR+specifications%29,https://www.google.com/search?q=inurl%3Alexproducts.com+%28%22quick+change+connector%22+OR+%22connector%22+OR+%22quick+disconnect+connector%22+OR+%22quick+connector%22+OR+%22fluid+connector%22+OR+%22hydraulic+connector%22+or+%22hydraulic%22+or+%22fluid%22%29+%28product+OR+buy+OR+shop+OR+store+OR+price+OR+catalog+OR+specifications%29
heilindasia.com,NO,NO,NO,https://www.google.com/search?q=inurl%3Aheilindasia.com+%28%22quick+change+connector%22+OR+%22connector%22+OR+%22quick+disconnect+connector%22+OR+%22quick+connector%22+OR+%22fluid+connector%22+OR+%22hydraulic+connector%22+or+%22hydraulic%22+or+%22fluid%22%29+%28product+OR+buy+OR+shop+OR+store+OR+price+OR+catalog+OR+specifications%29,https://www.google.com/search?q=inurl%3Aheilindasia.com+%28%22quick+change+connector%22+OR+%22connector%22+OR+%22quick+disconnect+connector%22+OR+%22quick+connector%22+OR+%22fluid+connector%22+OR+%22hydraulic+connector%22+or+%22hydraulic%22+or+%22fluid%22%29+%28product+OR+buy+OR+shop+OR+store+OR+price+OR+catalog+OR+specifications%29,https://www.google.com/search?q=inurl%3Aheilindasia.com+%28%22quick+change+connector%22+OR+%22connector%22+OR+%22quick+disconnect+connector%22+OR+%22quick+connector%22+OR+%22fluid+connector%22+OR+%22hydraulic+connector%22+or+%22hydraulic%22+or+%22fluid%22%29+%28product+OR+buy+OR+shop+OR+store+OR+price+OR+catalog+OR+specifications%29
yeu.com,NO,NO,NO,https://www.google.com/search?q=inurl%3Ayeu.com+%28%22quick+change+connector%22+OR+%22connector%22+OR+%22quick+disconnect+connector%22+OR+%22quick+connector%22+OR+%22fluid+connector%22+OR+%22hydraulic+connector%22+or+%22hydraulic%22+or+%22fluid%22%29+%28product+OR+buy+OR+shop+OR+store+OR+price+OR+catalog+OR+specifications%29,https://www.google.com/search?q=inurl%3Ayeu.com+%28%22quick+change+connector%22+OR+%22connector%22+OR+%22quick+disconnect+connector%22+OR+%22quick+connector%22+OR+%22fluid+connector%22+OR+%22hydraulic+connector%22+or+%22hydraulic%22+or+%22fluid%22%29+%28product+OR+buy+OR+shop+OR+store+OR+price+OR+catalog+OR+specifications%29,https://www.google.com/search?q=inurl%3Ayeu.com+%28%22quick+change+connector%22+OR+%22connector%22+OR+%22quick+disconnect+connector%22+OR+%22quick+connector%22+OR+%22fluid+connector%22+OR+%22hydraulic+connector%22+or+%22hydraulic%22+or+%22fluid%22%29+%28product+OR+buy+OR+shop+OR+store+OR+price+OR+catalog+OR+specifications%29
airhydropower.com,NO,NO,NO,https://www.google.com/search?q=inurl%3Aairhydropower.com+%28%22quick+change+connector%22+OR+%22connector%22+OR+%22quick+disconnect+connector%22+OR+%22quick+connector%22+OR+%22fluid+connector%22+OR+%22hydraulic+connector%22+or+%22hydraulic%22+or+%22fluid%22%29+%28product+OR+buy+OR+shop+OR+store+OR+price+OR+catalog+OR+specifications%29,https://www.google.com/search?q=inurl%3Aairhydropower.com+%28%22quick+change+connector%22+OR+%22connector%22+OR+%22quick+disconnect+connector%22+OR+%22quick+connector%22+OR+%22fluid+connector%22+OR+%22hydraulic+connector%22+or+%22hydraulic%22+or+%22fluid%22%29+%28product+OR+buy+OR+shop+OR+store+OR+price+OR+catalog+OR+specifications%29,https://www.google.com/search?q=inurl%3Aairhydropower.com+%28%22quick+change+connector%22+OR+%22connector%22+OR+%22quick+disconnect+connector%22+OR+%22quick+connector%22+OR+%22fluid+connector%22+OR+%22hydraulic+connector%22+or+%22hydraulic%22+or+%22fluid%22%29+%28product+OR+buy+OR+shop+OR+store+OR+price+OR+catalog+OR+specifications%29
peigenesis.com,YES,NO,YES,https://www.peigenesis.com/images/content/pei_tabs/te-connectivity/circular/quadrax-38999/eng_ds_1-1773922-9_deutsch38999_0819.pdf,https://www.google.com/search?q=inurl%3Apeigenesis.com+%28%22quick+change+connector%22+OR+%22connector%22+OR+%22quick+disconnect+connector%22+OR+%22quick+connector%22+OR+%22fluid+connector%22+OR+%22hydraulic+connector%22+or+%22hydraulic%22+or+%22fluid%22%29+%28product+OR+buy+OR+shop+OR+store+OR+price+OR+catalog+OR+specifications%29,https://www.peigenesis.com/images/content/pei_tabs/te-connectivity/circular/quadrax-38999/eng_ds_1-1773922-9_deutsch38999_0819.pdf
airlinehyd.com,NO,NO,NO,https://www.google.com/search?q=inurl%3Aairlinehyd.com+%28%22quick+change+connector%22+OR+%22connector%22+OR+%22quick+disconnect+connector%22+OR+%22quick+connector%22+OR+%22fluid+connector%22+OR+%22hydraulic+connector%22+or+%22hydraulic%22+or+%22fluid%22%29+%28product+OR+buy+OR+shop+OR+store+OR+price+OR+catalog+OR+specifications%29,https://www.google.com/search?q=inurl%3Aairlinehyd.com+%28%22quick+change+connector%22+OR+%22connector%22+OR+%22quick+disconnect+connector%22+OR+%22quick+connector%22+OR+%22fluid+connector%22+OR+%22hydraulic+connector%22+or+%22hydraulic%22+or+%22fluid%22%29+%28product+OR+buy+OR+shop+OR+store+OR+price+OR+catalog+OR+specifications%29,https://www.google.com/search?q=inurl%3Aairlinehyd.com+%28%22quick+change+connector%22+OR+%22connector%22+OR+%22quick+disconnect+connector%22+OR+%22quick+connector%22+OR+%22fluid+connector%22+OR+%22hydraulic+connector%22+or+%22hydraulic%22+or+%22fluid%22%29+%28product+OR+buy+OR+shop+OR+store+OR+price+OR+catalog+OR+specifications%29
powermation.com,NO,NO,NO,https://www.google.com/search?q=inurl%3Apowermation.com+%28%22quick+change+connector%22+OR+%22connector%22+OR+%22quick+disconnect+connector%22+OR+%22quick+connector%22+OR+%22fluid+connector%22+OR+%22hydraulic+connector%22+or+%22hydraulic%22+or+%22fluid%22%29+%28product+OR+buy+OR+shop+OR+store+OR+price+OR+catalog+OR+specifications%29,https://www.google.com/search?q=inurl%3Apowermation.com+%28%22quick+change+connector%22+OR+%22connector%22+OR+%22quick+disconnect+connector%22+OR+%22quick+connector%22+OR+%22fluid+connector%22+OR+%22hydraulic+connector%22+or+%22hydraulic%22+or+%22fluid%22%29+%28product+OR+buy+OR+shop+OR+store+OR+price+OR+catalog+OR+specifications%29,https://www.google.com/search?q=inurl%3Apowermation.com+%28%22quick+change+connector%22+OR+%22connector%22+OR+%22quick+disconnect+connector%22+OR+%22quick+connector%22+OR+%22fluid+connector%22+OR+%22hydraulic+connector%22+or+%22hydraulic%22+or+%22fluid%22%29+%28product+OR+buy+OR+shop+OR+store+OR+price+OR+catalog+OR+specifications%29
turtle.com,NO,NO,NO,https://www.google.com/search?q=inurl%3Aturtle.com+%28%22quick+change+connector%22+OR+%22connector%22+OR+%22quick+disconnect+connector%22+OR+%22quick+connector%22+OR+%22fluid+connector%22+OR+%22hydraulic+connector%22+or+%22hydraulic%22+or+%22fluid%22%29+%28product+OR+buy+OR+shop+OR+store+OR+price+OR+catalog+OR+specifications%29,https://www.google.com/search?q=inurl%3Aturtle.com+%28%22quick+change+connector%22+OR+%22connector%22+OR+%22quick+disconnect+connector%22+OR+%22quick+connector%22+OR+%22fluid+connector%22+OR+%22hydraulic+connector%22+or+%22hydraulic%22+or+%22fluid%22%29+%28product+OR+buy+OR+shop+OR+store+OR+price+OR+catalog+OR+specifications%29,https://www.google.com/search?q=inurl%3Aturtle.com+%28%22quick+change+connector%22+OR+%22connector%22+OR+%22quick+disconnect+connector%22+OR+%22quick+connector%22+OR+%22fluid+connector%22+OR+%22hydraulic+connector%22+or+%22hydraulic%22+or+%22fluid%22%29+%28product+OR+buy+OR+shop+OR+store+OR+price+OR+catalog+OR+specifications%29
